{
    "name": "Ichnaea",
    "description": "Mozilla Ichnaea is a Geolocation service.",
    "repository": {
        "url": "https://github.com/mozilla/ichnaea/",
        "license": "Apache 2.0",
        "tests": "https://circleci.com/gh/mozilla/ichnaea"
    },
    "participate": {
        "home": "https://location.services.mozilla.com/",
        "docs": "https://mozilla.github.io/ichnaea/",
        "irc": "irc://irc.mozilla.org/#geo"
    },
    "bugs": {
        "list": "https://github.com/mozilla/ichnaea/issues",
        "report": "https://github.com/mozilla/ichnaea/issues/new"
    },
    "urls": {
        "prod": "https://location.services.mozilla.com/"
    },
    "keywords": [
        "geolocation",
        "python",
        "pyramid"
    ]
}
